,Temperature_C,Apparent_Temperature_C,Humidity,Wind_Speed_km/h,Wind_Bearing_degrees,Visibility_km,Loud_Cover,Pressure_millibars
Temperature_C,1.0,0.9926285641921462,-0.6322546750278083,0.008956968343701133,0.029988204473573418,0.39284657172418636,,-0.005447106151952262
Apparent_Temperature_C,0.9926285641921462,1.0,-0.6025709955734017,-0.05664969828956304,0.029030519766564875,0.38171847046338997,,-0.00021899978632677672
Humidity,-0.6322546750278083,-0.6025709955734017,1.0,-0.22495145587978366,0.0007346453563281981,-0.3691725005980104,,0.005454263261939833
Wind_Speed_km/h,0.008956968343701133,-0.05664969828956304,-0.22495145587978366,1.0,0.10382150773640746,0.10074928406778791,,-0.04926280551116165
Wind_Bearing_degrees,0.029988204473573418,0.029030519766564875,0.0007346453563281981,0.10382150773640746,1.0,0.047594175259044365,,-0.011650884797117893
Visibility_km,0.39284657172418636,0.38171847046338997,-0.3691725005980104,0.10074928406778791,0.047594175259044365,1.0,,0.05981838103474482
Loud_Cover,,,,,,,,
Pressure_millibars,-0.005447106151952262,-0.00021899978632677672,0.005454263261939833,-0.04926280551116165,-0.011650884797117893,0.05981838103474482,,1.0
